ID	fastq_file	regions	DddA_minutes	copy number	sgRNA	DddA_uM	condition	num_reads	ABE	regions_of_interest	enzyme	UGI
HJR235_2	/n/holystore01/LABS/liau_lab/Users/heejinroh/HJR235_050624/HJR235_2	HOXA	120	95700	none			116454	FALSE		DddA	FALSE
HJR235_4	/n/holystore01/LABS/liau_lab/Users/heejinroh/HJR235_050624/HJR235_4	HOXA	120	95700	GCCATCTGCTGGCCGCCGTT			162206	FALSE	chr7:27160022-27162022	DddA	FALSE
HJR244_1	/n/holystore01/LABS/liau_lab/Users/heejinroh/HJR244/HJR244_1	LCR_new	120	465000	!data/guides_HS2.tsv			1312885	FALSE	chr11:5279765-5282083	DddA	FALSE
HJR244_2	/n/holystore01/LABS/liau_lab/Users/heejinroh/HJR244/HJR244_2	LCR_new	120	602330	!data/guides_HS2.tsv			2327778	FALSE	chr11:5279765-5282083	DddA	FALSE
HJR244_NoDddA	/n/holystore01/LABS/liau_lab/Users/heejinroh/HJR244/HJR244_12_NoDddA	LCR_new	0		!data/guides_HS2.tsv			77050	FALSE	chr11:5279765-5282083	DddA	FALSE
HJR250_1	/n/holystore01/LABS/liau_lab/Users/heejinroh/HJR250/HJR250_1	DNMT1i	120	29000	none				FALSE		DddA	FALSE
HJR250_2	/n/holystore01/LABS/liau_lab/Users/heejinroh/HJR250/HJR250_2	HDAC6	120	29000	none			138749	FALSE		DddA	FALSE
HJR250_3	/n/holystore01/LABS/liau_lab/Users/heejinroh/HJR250/HJR250_3	MYC	120	29000	none				FALSE		DddA	FALSE
HJR250_4	/n/holystore01/LABS/liau_lab/Users/heejinroh/HJR250/HJR250_4	ARIDA	120	29000	none			68291	FALSE		DddA	FALSE
HJR250_5	/n/holystore01/LABS/liau_lab/Users/heejinroh/HJR250/HJR250_5	KLF9	120	29000	none			84116	FALSE		DddA	FALSE
HJR250_6	/n/holystore01/LABS/liau_lab/Users/heejinroh/HJR250/HJR250_6	ZBTB38	120	29000	none			67565	FALSE		DddA	FALSE
HJR250_7	/n/holystore01/LABS/liau_lab/Users/heejinroh/HJR250/HJR250_7	LCR	120	29000	none				FALSE		DddA	FALSE
HJR250_8	/n/holystore01/LABS/liau_lab/Users/heejinroh/HJR250/HJR250_8	HS2	120	29000	none				FALSE		DddA	FALSE
HJR250_9	/n/holystore01/LABS/liau_lab/Users/heejinroh/HJR250/HJR250_9	chr7:107741812-107745536	120	29000	none				FALSE		DddA	FALSE
HJR250_10	/n/holystore01/LABS/liau_lab/Users/heejinroh/HJR250/HJR250_10	chr1:170530445-170533865	120	29000	none				FALSE	chr1:170530945-170533345	DddA	FALSE
HJR250_11	/n/holystore01/LABS/liau_lab/Users/heejinroh/HJR250/HJR250_11	chr12:54278171-54281758	120	29000	none				FALSE		DddA	FALSE
HJR250_12	/n/holystore01/LABS/liau_lab/Users/heejinroh/HJR250/HJR250_12	chr6:31650899-31654853	120	29000	none				FALSE		DddA	FALSE
HJR250_13	/n/holystore01/LABS/liau_lab/Users/heejinroh/HJR250/HJR250_13	chr6:30614173-30618695	120	29000	none				FALSE		DddA	FALSE
HJR250_14	/n/holystore01/LABS/liau_lab/Users/heejinroh/HJR250/HJR250_14	chr18:36128277-36131340	120	29000	none				FALSE		DddA	FALSE
HJR250_15	/n/holystore01/LABS/liau_lab/Users/heejinroh/HJR250/HJR250_15	chr7:135556509-135559684	120	29000	none				FALSE		DddA	FALSE
HJR250_16	/n/holystore01/LABS/liau_lab/Users/heejinroh/HJR250/HJR250_16	chr19:55597022-55601440	120	29000	none				FALSE		DddA	FALSE
HJR250_17	/n/holystore01/LABS/liau_lab/Users/heejinroh/HJR250/HJR250_17	chr10:69178554-69181212	120	29000	none			113136	FALSE		DddA	FALSE
HJR250_18	/n/holystore01/LABS/liau_lab/Users/heejinroh/HJR250/HJR250_18	chr18:3245143-3248614	120	29000	none			62879	FALSE		DddA	FALSE
HJR250_19	/n/holystore01/LABS/liau_lab/Users/heejinroh/HJR250/HJR250_19	DSCR	120	29000	none				FALSE		DddA	FALSE
HJR250_20	/n/holystore01/LABS/liau_lab/Users/heejinroh/HJR250/HJR250_20	CTCF	120	29000	none			151187	FALSE	chr5:180327959-180329959	DddA	FALSE
HJR250_21	/n/holystore01/LABS/liau_lab/Users/heejinroh/HJR250/HJR250_21	HEK3	120	29000	none				FALSE		DddA	FALSE
HJR250_22	/n/holystore01/LABS/liau_lab/Users/heejinroh/HJR250/HJR250_22	HOXA	120	29000	none				FALSE		DddA	FALSE
HJR231_1	/n/holystore01/LABS/liau_lab/Users/heejinroh/HJR231_050624/HJR231_1	HEK3	120	29000	none		dCas9/ + gRNA	84637	FALSE		DddA	FALSE
HJR231_2	/n/holystore01/LABS/liau_lab/Users/heejinroh/HJR231_050624/HJR231_2	HEK3	30	29000	none		dCas9/ + gRNA		FALSE		DddA	FALSE
HJR231_3	/n/holystore01/LABS/liau_lab/Users/heejinroh/HJR231_050624/HJR231_3	HEK3	120	29000	none		dCas9/ - gRNA	38109	FALSE		DddA	FALSE
HJR231_4	/n/holystore01/LABS/liau_lab/Users/heejinroh/HJR231_050624/HJR231_4	HEK3	30	29000	none		dCas9/ - gRNA		FALSE		DddA	FALSE
HJR246_5_1	/n/holystore01/LABS/liau_lab/Users/heejinroh/HJR246_5/HJR246_5_1	ZBTB38			!data/guides_ZBTB38.tsv			2623771	FALSE		DddA	FALSE
HJR246_5_2	/n/holystore01/LABS/liau_lab/Users/heejinroh/HJR246_5/HJR246_5_2	ZBTB38			!data/guides_ZBTB38.tsv			3864626	FALSE		DddA	FALSE
HJR246_5_NoDddA	/n/holystore01/LABS/liau_lab/Users/heejinroh/HJR246_5/HJR246_5_NoDddA	ZBTB38			!data/guides_ZBTB38.tsv			24877	FALSE		DddA	FALSE
HJR244_3	/n/holystore01/LABS/liau_lab/Users/heejinroh/HJR244/HJR244_3/HJR244_3_merged.fastq.gz	LCR_new			!data/guides_HS2.tsv				TRUE	chr11:5279765-5282083	DddA	FALSE
HJR244_4	/n/holystore01/LABS/liau_lab/Users/heejinroh/HJR244/HJR244_4/HJR244_4_merged.fastq.gz	LCR_new			!data/guides_HS2.tsv				TRUE	chr11:5279765-5282083	DddA	FALSE
HJR244_34	/n/holystore01/LABS/liau_lab/Users/heejinroh/HJR244/HJR244_34_NoDddA/HJR244_34_NoDddA_merged.fastq.gz	LCR_new	0		!data/guides_HS2.tsv				TRUE	chr11:5279765-5282083	DddA	FALSE
HJR246_1_1	/n/holystore01/LABS/liau_lab/Users/heejinroh/HJR246_1/HJR246_1_1	HDAC6_HJR246	120	18850000	!data/guides_HDAC6.tsv				FALSE		DddA	FALSE
HJR246_1_2	/n/holystore01/LABS/liau_lab/Users/heejinroh/HJR246_1/HJR246_1_2	HDAC6_HJR246	120	19190000	!data/guides_HDAC6.tsv				FALSE		DddA	FALSE
HJR246_1_NoDddA	/n/holystore01/LABS/liau_lab/Users/heejinroh/HJR246_1/HJR246_1_NoDddA	HDAC6_HJR246	0	29000	!data/guides_HDAC6.tsv				FALSE		DddA	FALSE
HJR246_6_1	/n/holystore01/LABS/liau_lab/Users/heejinroh/HJR246_6/HJR246_6_1	LCR	120	9439500	!data/guides_LCR.tsv				FALSE		DddA	FALSE
HJR246_6_2	/n/holystore01/LABS/liau_lab/Users/heejinroh/HJR246_6/HJR246_6_2	LCR	120	10287750	!data/guides_LCR.tsv				FALSE		DddA	FALSE
HJR246_6_NoDddA	/n/holystore01/LABS/liau_lab/Users/heejinroh/HJR246_6/HJR246_6_NoDddA	LCR	0	29000	!data/guides_LCR.tsv				FALSE		DddA	FALSE
HJR288_sgRNA68_D8	/n/holystore01/LABS/liau_lab/Users/heejinroh/HJR288/sgRNA68_D8/sgRNA68_D8.fastq.gz	HBG			sgRNA68:ACTGAATCGGAACAAGGCAA			46995	FALSE		DddA	FALSE
HJR288_sgLuc_D8	/n/holystore01/LABS/liau_lab/Users/heejinroh/HJR288/sgLuc_D8/sgLuc_D8.fastq.gz	HBG			none			51687	FALSE		DddA	FALSE
HJR288_sgRNA68_D10_1	/n/holystore01/LABS/liau_lab/Users/heejinroh/HJR288/sgRNA68_D10_1/sgRNA68_D10_1.fastq.gz	HBG			sgRNA68:ACTGAATCGGAACAAGGCAA			123330	FALSE		DddA	FALSE
HJR288_sgRNA68_D10_2	/n/holystore01/LABS/liau_lab/Users/heejinroh/HJR288/sgRNA68_D10_2/sgRNA68_D10_2.fastq.gz	HBG			sgRNA68:ACTGAATCGGAACAAGGCAA			59559	FALSE		DddA	FALSE
HJR288_sgRNA68_D10_NoDddA	/n/holystore01/LABS/liau_lab/Users/heejinroh/HJR288/sgRNA68_D10_NoDddA/sgRNA68_D10_NoDddA.fastq.gz	HBG			sgRNA68:ACTGAATCGGAACAAGGCAA			72585	FALSE		DddA	FALSE
HJR288_sgLuc_D10_1	/n/holystore01/LABS/liau_lab/Users/heejinroh/HJR288/sgLuc_D10_1/sgLuc_D10_1.fastq.gz	HBG			none			157057	FALSE		DddA	FALSE
HJR288_sgLuc_D10_2	/n/holystore01/LABS/liau_lab/Users/heejinroh/HJR288/sgLuc_D10_2/sgLuc_D10_2.fastq.gz	HBG			none			147197	FALSE		DddA	FALSE
HJR288_sgLuc_D10_NoDddA	/n/holystore01/LABS/liau_lab/Users/heejinroh/HJR288/sgLuc_D10_NoDddA/sgLuc_D10_NoDddA.fastq.gz	HBG			none			120613	FALSE		DddA	FALSE
HJR288_sgRNA68_D12_1	/n/holystore01/LABS/liau_lab/Users/heejinroh/HJR288/sgRNA68_D12_1/sgRNA68_D12_1.fastq.gz	HBG			sgRNA68:ACTGAATCGGAACAAGGCAA			98072	FALSE		DddA	FALSE
HJR288_sgRNA68_D12_2	/n/holystore01/LABS/liau_lab/Users/heejinroh/HJR288/sgRNA68_D12_2/sgRNA68_D12_2.fastq.gz	HBG			sgRNA68:ACTGAATCGGAACAAGGCAA			76208	FALSE		DddA	FALSE
HJR288_sgRNA68_D12_NoDddA	/n/holystore01/LABS/liau_lab/Users/heejinroh/HJR288/sgRNA68_D12_NoDddA/sgRNA68_D12_NoDddA.fastq.gz	HBG			sgRNA68:ACTGAATCGGAACAAGGCAA			42546	FALSE		DddA	FALSE
HJR288_sgLuc_D12_1	/n/holystore01/LABS/liau_lab/Users/heejinroh/HJR288/sgLuc_D12_1/sgLuc_D12_1.fastq.gz	HBG			none			144481	FALSE		DddA	FALSE
HJR288_sgLuc_D12_2	/n/holystore01/LABS/liau_lab/Users/heejinroh/HJR288/sgLuc_D12_2/sgLuc_D12_2.fastq.gz	HBG			none			82138	FALSE		DddA	FALSE
HJR288_sgLuc_D12_NoDddA	/n/holystore01/LABS/liau_lab/Users/heejinroh/HJR288/sgLuc_D12_NoDddA/sgLuc_D12_NoDddA.fastq.gz	HBG			none			128628	FALSE		DddA	FALSE
HJR306_16_r1	/n/holystore01/LABS/liau_lab/Users/heejinroh/HJR306_16/HJR306_16_r1	DSCR			none			35633	FALSE		DddA	FALSE
HJR306_16_r2	/n/holystore01/LABS/liau_lab/Users/heejinroh/HJR306_16/HJR306_16_r2	ZBTB38			none			84294	FALSE		DddA	FALSE
HJR306_16_r3	/n/holystore01/LABS/liau_lab/Users/heejinroh/HJR306_16/HJR306_16_r3	MYC			none			108455	FALSE		DddA	FALSE
HJR306_16_r4	/n/holystore01/LABS/liau_lab/Users/heejinroh/HJR306_16/HJR306_16_r4	chr7:107741812-107745536			none			117096	FALSE		DddA	FALSE
HJR306_16_r5	/n/holystore01/LABS/liau_lab/Users/heejinroh/HJR306_16/HJR306_16_r5	chr1:170530445-170533865			none			139823	FALSE		DddA	FALSE
HJR306_16_r6	/n/holystore01/LABS/liau_lab/Users/heejinroh/HJR306_16/HJR306_16_r6	chr12:54278171-54281758			none			100416	FALSE		DddA	FALSE
HJR306_16_r7	/n/holystore01/LABS/liau_lab/Users/heejinroh/HJR306_16/HJR306_16_r7	chr6:31650899-31654853			none			132782	FALSE		DddA	FALSE
HJR306_16_r8	/n/holystore01/LABS/liau_lab/Users/heejinroh/HJR306_16/HJR306_16_r8	chr18:36128277-36131340			none			119773	FALSE		DddA	FALSE
HJR306_16_r9	/n/holystore01/LABS/liau_lab/Users/heejinroh/HJR306_16/HJR306_16_r9	chr7:135556509-135559684			none			101427	FALSE		DddA	FALSE
HJR306_16_r10	/n/holystore01/LABS/liau_lab/Users/heejinroh/HJR306_16/HJR306_16_r10	chr10:69178554-69181212			none			114772	FALSE		DddA	FALSE
HJR306_16_r11	/n/holystore01/LABS/liau_lab/Users/heejinroh/HJR306_16/HJR306_16_r11	chr18:3245143-3248614			none			107181	FALSE		DddA	FALSE
HJR306_16_r12	/n/holystore01/LABS/liau_lab/Users/heejinroh/HJR306_16/HJR306_16_r12	CTCF			none			46974	FALSE		DddA	FALSE
HJR306_16_r13	/n/holystore01/LABS/liau_lab/Users/heejinroh/HJR306_16/HJR306_16_r13	HEK3			none			24121	FALSE		DddA	FALSE
HJR306_16_r14	/n/holystore01/LABS/liau_lab/Users/heejinroh/HJR306_16/HJR306_16_r14	HOXA			none			65542	FALSE		DddA	FALSE
HJR306_17_r1	/n/holystore01/LABS/liau_lab/Users/heejinroh/HJR306_17/HJR306_17_r1	DSCR			none			82269	FALSE		MGY	FALSE
HJR306_17_r2	/n/holystore01/LABS/liau_lab/Users/heejinroh/HJR306_17/HJR306_17_r2	ZBTB38			none			105439	FALSE		MGY	FALSE
HJR306_17_r3	/n/holystore01/LABS/liau_lab/Users/heejinroh/HJR306_17/HJR306_17_r3	LCR_new	3		none	3		140740	FALSE		MGY	FALSE
HJR309_rep1_1	/n/holystore01/LABS/liau_lab/Users/heejinroh/HJR309/HJR309_rep1_1	HOXA			sgRNA1:ACCAAACGGCGGCCAGCAGA			91374	FALSE		DddA	FALSE
HJR309_rep1_2	/n/holystore01/LABS/liau_lab/Users/heejinroh/HJR309/HJR309_rep1_2	HOXA			sgRNA2:GGAGCCACACTGCCATCTGC			128439	FALSE		DddA	FALSE
HJR309_rep1_3	/n/holystore01/LABS/liau_lab/Users/heejinroh/HJR309/HJR309_rep1_3	HOXA			sgRNA3:GCGGCCAGCAGATGGCAGTG			157898	FALSE		DddA	FALSE
HJR309_rep1_pool	/n/holystore01/LABS/liau_lab/Users/heejinroh/HJR309/HJR309_rep1_4	HOXA			!data/guides_HOXA.tsv			562058	FALSE		DddA	FALSE
HJR309_rep2_1	/n/holystore01/LABS/liau_lab/Users/heejinroh/HJR309/HJR309_rep2_1	HOXA			sgRNA1:ACCAAACGGCGGCCAGCAGA			225908	FALSE		DddA	FALSE
HJR309_rep2_2	/n/holystore01/LABS/liau_lab/Users/heejinroh/HJR309/HJR309_rep2_2	HOXA			sgRNA2:GGAGCCACACTGCCATCTGC			217840	FALSE		DddA	FALSE
HJR309_rep2_3	/n/holystore01/LABS/liau_lab/Users/heejinroh/HJR309/HJR309_rep2_3	HOXA			sgRNA3:GCGGCCAGCAGATGGCAGTG			159086	FALSE		DddA	FALSE
HJR309_rep2_pool	/n/holystore01/LABS/liau_lab/Users/heejinroh/HJR309/HJR309_rep2_4	HOXA			!data/guides_HOXA.tsv			648221	FALSE		DddA	FALSE
HJR312_DddA11_rep1	/n/holystore01/LABS/liau_lab/Users/heejinroh/HJR312/HJR312_DddA11_rep1	GFI1B			!data/guides_GFI1B.tsv			20183994	FALSE		DddA	FALSE
HJR312_DddA11_rep2	/n/holystore01/LABS/liau_lab/Users/heejinroh/HJR312/HJR312_DddA11_rep2	GFI1B			!data/guides_GFI1B.tsv			19067027	FALSE		DddA	FALSE
HJR312_MGY_rep1	/n/holystore01/LABS/liau_lab/Users/heejinroh/HJR312/HJR312_MGY_rep1	GFI1B			!data/guides_GFI1B.tsv			11515308	FALSE		MGY	FALSE
HJR312_MGY_rep2	/n/holystore01/LABS/liau_lab/Users/heejinroh/HJR312/HJR312_MGY_rep2	GFI1B			!data/guides_GFI1B.tsv			10023902	FALSE		MGY	FALSE
HJR308_Ddda11_1	/n/holystore01/LABS/liau_lab/Users/heejinroh/HJR308_DddA11/HJR308_DddA11_1	GFI1B			SNP:AGGCTTCTAAAGAGCTGCCT			197031	FALSE		DddA	FALSE
HJR308_Ddda11_2	/n/holystore01/LABS/liau_lab/Users/heejinroh/HJR308_DddA11/HJR308_DddA11_2	GFI1B			SNP:AGGCTTCTAAAGAGCTGCCT			208066	FALSE		DddA	FALSE
HJR308_Ddda11_3	/n/holystore01/LABS/liau_lab/Users/heejinroh/HJR308_DddA11/HJR308_DddA11_3	GFI1B			GATA1:GGCCCCTGGCAGGGAGATAA			145648	FALSE		DddA	FALSE
HJR308_Ddda11_4	/n/holystore01/LABS/liau_lab/Users/heejinroh/HJR308_DddA11/HJR308_DddA11_4	GFI1B			GATA1:GGCCCCTGGCAGGGAGATAA			105141	FALSE		DddA	FALSE
HJR308_Ddda11_5	/n/holystore01/LABS/liau_lab/Users/heejinroh/HJR308_DddA11/HJR308_DddA11_5	GFI1B			JUN:AAGATTTGCTGAATCACCCA			114408	FALSE		DddA	FALSE
HJR308_Ddda11_6	/n/holystore01/LABS/liau_lab/Users/heejinroh/HJR308_DddA11/HJR308_DddA11_6	GFI1B			JUN:AAGATTTGCTGAATCACCCA			184575	FALSE		DddA	FALSE
HJR308_Ddda11_7	/n/holystore01/LABS/liau_lab/Users/heejinroh/HJR308_DddA11/HJR308_DddA11_7	GFI1B			none			184269	FALSE		DddA	FALSE
HJR308_Ddda11_8	/n/holystore01/LABS/liau_lab/Users/heejinroh/HJR308_DddA11/HJR308_DddA11_8	GFI1B			none			221875	FALSE		DddA	FALSE
HJR308_MGY_1	/n/holystore01/LABS/liau_lab/Users/heejinroh/HJR308_MGY/HJR308_MGY_1	GFI1B			SNP:AGGCTTCTAAAGAGCTGCCT			156875	FALSE		MGY	FALSE
HJR308_MGY_2	/n/holystore01/LABS/liau_lab/Users/heejinroh/HJR308_MGY/HJR308_MGY_2	GFI1B			SNP:AGGCTTCTAAAGAGCTGCCT			153073	FALSE		MGY	FALSE
HJR308_MGY_5	/n/holystore01/LABS/liau_lab/Users/heejinroh/HJR308_MGY/HJR308_MGY_5	GFI1B			JUN:AAGATTTGCTGAATCACCCA			66032	FALSE		MGY	FALSE
HJR308_MGY_6	/n/holystore01/LABS/liau_lab/Users/heejinroh/HJR308_MGY/HJR308_MGY_6	GFI1B			JUN:AAGATTTGCTGAATCACCCA			101544	FALSE		MGY	FALSE
HJR307_1	/n/holystore01/LABS/liau_lab/Users/heejinroh/HJR307/HJR307_1	HEK3			none		dCas9/ - gRNA	26756	FALSE		DddA	FALSE
HJR307_2	/n/holystore01/LABS/liau_lab/Users/heejinroh/HJR307/HJR307_2	HEK3			none		dCas9/ + gRNA		FALSE		DddA	FALSE
HJR234_2	/n/holystore01/LABS/liau_lab/Users/heejinroh/HJR234_nanopore/HJR234_2/HJR234_2.fastq.gz	HBB/HBD			none			603465	FALSE		DddA	FALSE
HJR234_4	/n/holystore01/LABS/liau_lab/Users/heejinroh/HJR234_nanopore/HJR234_4/HJR234_4.fastq.gz	HBB/HBD			none			617446	FALSE		DddA	FALSE
HJR234_6	/n/holystore01/LABS/liau_lab/Users/heejinroh/HJR234_nanopore/HJR234_6/HJR234_6.fastq.gz	HBB/HBD			none			639152	FALSE		DddA	FALSE
HJR313_MGY_rep1_timepoint1	/n/holystore01/LABS/liau_lab/Users/heejinroh/HJR313/HJR313_4	HBB/HBD			none			112866	FALSE		MGY	FALSE
HJR313_MGY_rep1_timepoint2	/n/holystore01/LABS/liau_lab/Users/heejinroh/HJR313/HJR313_5	HBB/HBD			none			42901	FALSE		MGY	FALSE
HJR313_MGY_rep1_timepoint3	/n/holystore01/LABS/liau_lab/Users/heejinroh/HJR313/HJR313_6	HBB/HBD			none			59997	FALSE		MGY	FALSE
HJR313_MGY_rep2_timepoint1	/n/holystore01/LABS/liau_lab/Users/heejinroh/HJR313/HJR313_7	HBB/HBD			none			69341	FALSE		MGY	FALSE
HJR313_MGY_rep2_timepoint2	/n/holystore01/LABS/liau_lab/Users/heejinroh/HJR313/HJR313_8	HBB/HBD			none			66357	FALSE		MGY	FALSE
HJR313_MGY_rep2_timepoint3	/n/holystore01/LABS/liau_lab/Users/heejinroh/HJR313/HJR313_9	HBB/HBD			none			56863	FALSE		MGY	FALSE
HJR309_235	/n/holystore01/LABS/liau_lab/Users/heejinroh/HJR309/HJR309_235	HOXA			GCCATCTGCTGGCCGCCGTT			246329	FALSE		DddA	FALSE
HJR264_2	/n/holystore01/LABS/liau_lab/Users/heejinroh/HJR264/HJR264_2	DSCR			none			29318	FALSE		DddA	FALSE
HJR321_2	/n/holystore01/LABS/liau_lab/Users/heejinroh/HJR321_plus/HJR321_2	DSCR			none			20357	FALSE		DddA	FALSE
HJR321_3	/n/holystore01/LABS/liau_lab/Users/heejinroh/HJR321_plus/HJR321_3	GFI1B			none			24447	FALSE		DddA	FALSE
HJR321_4	/n/holystore01/LABS/liau_lab/Users/heejinroh/HJR321_plus/HJR321_4	GFI1B			none			22339	FALSE		MGY	FALSE
HJR321_5	/n/holystore01/LABS/liau_lab/Users/heejinroh/HJR321_plus/HJR321_5	GFI1B			none			17755	FALSE		DddA	FALSE
HJR321_6	/n/holystore01/LABS/liau_lab/Users/heejinroh/HJR321_plus/HJR321_6	GFI1B			none			24548	FALSE		MGY	FALSE
HJR321_7	/n/holystore01/LABS/liau_lab/Users/heejinroh/HJR321_plus/HJR321_7	DSCR			none			16736	FALSE		MGY	FALSE
HJR321_8	/n/holystore01/LABS/liau_lab/Users/heejinroh/HJR321_plus/HJR321_8	ZBTB38			none			19955	FALSE		MGY	FALSE
HJR322_1	/n/holystore01/LABS/liau_lab/Users/heejinroh/HJR322/HJR322_1	HBG			none			21909	FALSE		MGY	FALSE
HJR322_2	/n/holystore01/LABS/liau_lab/Users/heejinroh/HJR322/HJR322_2	HBG			none			22387	FALSE		MGY	FALSE
HJR322_3	/n/holystore01/LABS/liau_lab/Users/heejinroh/HJR322/HJR322_3	HBG			sgRNA68:ACTGAATCGGAACAAGGCAA			28161	FALSE		MGY	FALSE
HJR322_4	/n/holystore01/LABS/liau_lab/Users/heejinroh/HJR322/HJR322_4	HBG			sgRNA68:ACTGAATCGGAACAAGGCAA			23855	FALSE		MGY	FALSE
HJR306_01	/n/holystore01/LABS/liau_lab/Users/heejinroh/HJR306/HJR306_01	LCR_new	10		none	1		83055	FALSE		DddA	FALSE
HJR306_02	/n/holystore01/LABS/liau_lab/Users/heejinroh/HJR306/HJR306_02	LCR_new	30		none	1		109173	FALSE		DddA	FALSE
HJR306_03	/n/holystore01/LABS/liau_lab/Users/heejinroh/HJR306/HJR306_03	LCR_new	120		none	1		115253	FALSE		DddA	FALSE
HJR306_04	/n/holystore01/LABS/liau_lab/Users/heejinroh/HJR306/HJR306_04	LCR_new	10		none	3		120867	FALSE		DddA	FALSE
HJR306_05	/n/holystore01/LABS/liau_lab/Users/heejinroh/HJR306/HJR306_05	LCR_new	30		none	3		67929	FALSE		DddA	FALSE
HJR306_06	/n/holystore01/LABS/liau_lab/Users/heejinroh/HJR306/HJR306_06	LCR_new	120		none	3		118456	FALSE		DddA	FALSE
HJR306_07	/n/holystore01/LABS/liau_lab/Users/heejinroh/HJR306/HJR306_07	LCR_new	10		none	10		86013	FALSE		DddA	FALSE
HJR306_08	/n/holystore01/LABS/liau_lab/Users/heejinroh/HJR306/HJR306_08	LCR_new	30		none	10		110798	FALSE		DddA	FALSE
HJR306_09	/n/holystore01/LABS/liau_lab/Users/heejinroh/HJR306/HJR306_09	LCR_new	120		none	10		45339	FALSE		DddA	FALSE
HJR306_10	/n/holystore01/LABS/liau_lab/Users/heejinroh/HJR306/HJR306_10	LCR_new	10		none	10		148449	FALSE		DddA	FALSE
HJR306_11	/n/holystore01/LABS/liau_lab/Users/heejinroh/HJR306/HJR306_11	LCR_new	30		none	10		50450	FALSE		DddA	FALSE
HJR306_12	/n/holystore01/LABS/liau_lab/Users/heejinroh/HJR306/HJR306_12	LCR_new	120		none	10		103651	FALSE		DddA	FALSE
HJR306_13	/n/holystore01/LABS/liau_lab/Users/heejinroh/HJR306/HJR306_13	LCR_new	10		none	10		121816	FALSE		DddA	TRUE
HJR306_14	/n/holystore01/LABS/liau_lab/Users/heejinroh/HJR306/HJR306_14	LCR_new	30		none	10		61656	FALSE		DddA	TRUE
HJR306_15	/n/holystore01/LABS/liau_lab/Users/heejinroh/HJR306/HJR306_15	LCR_new	120		none	10		116248	FALSE		DddA	TRUE
HJR306_16	/n/holystore01/LABS/liau_lab/Users/heejinroh/HJR306/HJR306_16	LCR_new	10		none	1		121184	FALSE		DddA	FALSE
HJR306_17	/n/holystore01/LABS/liau_lab/Users/heejinroh/HJR306/HJR306_17	LCR_new	30		none	1		106169	FALSE		DddA	FALSE
HJR306_18	/n/holystore01/LABS/liau_lab/Users/heejinroh/HJR306/HJR306_18	LCR_new	120		none	1		163035	FALSE		DddA	FALSE
HJR306_19	/n/holystore01/LABS/liau_lab/Users/heejinroh/HJR306/HJR306_19	LCR_new	10		none	3		64113	FALSE		DddA	FALSE
HJR306_20	/n/holystore01/LABS/liau_lab/Users/heejinroh/HJR306/HJR306_20	LCR_new	30		none	3		103397	FALSE		DddA	FALSE
HJR306_21	/n/holystore01/LABS/liau_lab/Users/heejinroh/HJR306/HJR306_21	LCR_new	120		none	3		95524	FALSE		DddA	FALSE
HJR306_22	/n/holystore01/LABS/liau_lab/Users/heejinroh/HJR306/HJR306_22	LCR_new	10		none	10		100922	FALSE		DddA	FALSE
HJR306_23	/n/holystore01/LABS/liau_lab/Users/heejinroh/HJR306/HJR306_23	LCR_new	30		none	10		106554	FALSE		DddA	FALSE
HJR306_24	/n/holystore01/LABS/liau_lab/Users/heejinroh/HJR306/HJR306_24	LCR_new	120		none	10		94912	FALSE		DddA	FALSE
HJR306_25	/n/holystore01/LABS/liau_lab/Users/heejinroh/HJR306/HJR306_25	LCR_new	10		none	10		24816	FALSE		DddA	FALSE
HJR306_26	/n/holystore01/LABS/liau_lab/Users/heejinroh/HJR306/HJR306_26	LCR_new	30		none	10		129516	FALSE		DddA	FALSE
HJR306_27	/n/holystore01/LABS/liau_lab/Users/heejinroh/HJR306/HJR306_27	LCR_new	120		none	10		141599	FALSE		DddA	FALSE
HJR306_28	/n/holystore01/LABS/liau_lab/Users/heejinroh/HJR306/HJR306_28	LCR_new	10		none	10		104420	FALSE		DddA	TRUE
HJR306_29	/n/holystore01/LABS/liau_lab/Users/heejinroh/HJR306/HJR306_29	LCR_new	30		none	10		91594	FALSE		DddA	TRUE
HJR306_30	/n/holystore01/LABS/liau_lab/Users/heejinroh/HJR306/HJR306_30	LCR_new	120		none	10		67448	FALSE		DddA	TRUE
HJR304_HS2_5	/n/holystore01/LABS/liau_lab/Users/heejinroh/HJR304/HS2/HJR304_HS2_5	LCR_new	3		none	3		933	FALSE		MGY	FALSE
